safety_report_id,drug_name,reaction
5801206-7,DURAGESIC-100,DRUG ADMINISTRATION ERROR
5801206-7,DURAGESIC-100,OVERDOSE
10003300,BONIVA,Vomiting
10003300,BONIVA,Diarrhoea
10003300,BONIVA,Arthralgia
10003300,BONIVA,Headache
10003301,IBUPROFEN,Dyspepsia
10003301,IBUPROFEN,Renal impairment
10003302,LYRICA,Drug ineffective
10003314,LETAIRIS,Back pain
10003315,RANOLAZINE,Death
10003316,LETAIRIS,Oedema
10003316,LETAIRIS,Fatigue
10003316,LETAIRIS,Dyspnoea exertional
10003316,LETAIRIS,Fluid retention
10003317,BENLYSTA,Angioedema
10003317,BENLYSTA,Laryngeal oedema
10003317,BENLYSTA,Face oedema
10003319,BENLYSTA,Cholecystectomy
10003319,BENLYSTA,Nephrolithiasis
10003319,BENLYSTA,Biliary tract disorder
10003319,BENLYSTA,Malaise
10003322,LETAIRIS,Tremor
10003323,PRADAXA,Fall
10003323,PRADAXA,Pain in extremity
10003323,PRADAXA,Hiccups
10003325,LETAIRIS,Swelling
10003331,MIRENA,Chemical poisoning
10003331,MIRENA,Neck pain
10003331,MIRENA,Back pain
10003331,MIRENA,Paraesthesia
10003332,PRADAXA,Proctalgia
10003332,PRADAXA,Anorectal discomfort
10003332,PRADAXA,Rectal haemorrhage
10003333,LETAIRIS,Swelling
10003334,SPIRIVA,Dry mouth
10003334,SPIRIVA,Product quality issue
10003337,LETAIRIS,Dysphonia
10003337,LETAIRIS,Throat irritation
10003339,LETAIRIS,Anaemia
10003341,LETAIRIS,Dizziness
10003341,LETAIRIS,Oedema
10003341,LETAIRIS,Dyspnoea
10003342,TASIGNA,Overdose
10003342,TASIGNA,General physical health deterioration
10003342,TASIGNA,Malaise
10003342,TASIGNA,Drug ineffective
10003346,LETAIRIS,Dyspnoea
10003346,LETAIRIS,Hypoxia
10003350,LETAIRIS,Malaise
10003350,LETAIRIS,Gingivitis
10003351,MIRTAZAPINE (UNKNOWN),Aggression
10003351,MIRTAZAPINE (UNKNOWN),Violence-related symptom
10003351,MIRTAZAPINE (UNKNOWN),Anger
10003351,MIRTAZAPINE (UNKNOWN),Blepharospasm
10003351,MIRTAZAPINE (UNKNOWN),Suicidal ideation
10003354,LETAIRIS,Haemoglobin decreased
10003355,CASODEX,Heart rate decreased
10003356,LETAIRIS,Oedema peripheral
10003357,TACROLIMUS (WATSON LABORATORIES),Posterior reversible encephalopathy syndrome
10003357,TACROLIMUS (WATSON LABORATORIES),Cerebral haemorrhage
10003357,TACROLIMUS (WATSON LABORATORIES),Subarachnoid haemorrhage
10003358,LETAIRIS,Dyspnoea
10003359,DOXAZOSIN (UNKNOWN),Erection increased
10003360,LETAIRIS,Hypertension
10003361,CITALOPRAM (UNKNOWN),Hyponatraemia
10003362,LETAIRIS,Gastric disorder
10003362,LETAIRIS,Dyspnoea
10003363,LETAIRIS,Unevaluable event
10003365,LETAIRIS,Oedema
10003365,LETAIRIS,Fluid retention
10003366,LETAIRIS,Oedema
10003367,LETAIRIS,Unevaluable event
10003367,LETAIRIS,Eructation
10003367,LETAIRIS,Chest discomfort
10003368,LETAIRIS,Pollakiuria
10003368,LETAIRIS,Poor quality sleep
10003368,LETAIRIS,Dyspnoea
10003369,LETAIRIS,Feeling abnormal
10003370,LETAIRIS,Swelling
10003371,LETAIRIS,Nasal congestion
10003371,LETAIRIS,Seasonal allergy
10003372,LETAIRIS,Nausea
10003373,LETAIRIS,Nasal congestion
10003376,CASODEX,Diarrhoea
10003376,CASODEX,Arthralgia
10003376,CASODEX,Nausea
10003377,LETAIRIS,Malaise
10003377,LETAIRIS,Weight fluctuation
10003378,LETAIRIS,Dyspnoea
10003378,LETAIRIS,Tremor
10003378,LETAIRIS,Bone pain
10003378,LETAIRIS,Presyncope
10003379,LETAIRIS,Nasopharyngitis
10003380,LETAIRIS,Respiratory tract infection
10003380,LETAIRIS,Body temperature
10003380,LETAIRIS,Pneumonia
10003380,LETAIRIS,Productive cough
10003381,LETAIRIS,No therapeutic response
10003382,LETAIRIS,Blood count abnormal
10003383,LETAIRIS,Unevaluable event
10003384,LETAIRIS,Unevaluable event
10003387,LETAIRIS,Cellulitis
10003388,LETAIRIS,Dyspnoea
10003388,LETAIRIS,Dyspnoea exertional
10003388,LETAIRIS,Oedema
10003390,LETAIRIS,Headache
10003390,LETAIRIS,Dyspnoea
10003390,LETAIRIS,Diarrhoea
10003390,LETAIRIS,Increased appetite
10003390,LETAIRIS,Swelling
10003390,LETAIRIS,Weight increased
10003390,LETAIRIS,Vomiting
10003391,LETAIRIS,Dyspnoea
10003392,VISMODEGIB,Subdural haematoma
10003393,LETAIRIS,Peripheral swelling
10003394,LETAIRIS,Dyspnoea exertional
10003395,DEPAKOTE,Tremor
10003395,DEPAKOTE,Dry mouth
10003396,LETAIRIS,Unevaluable event
10003399,LETAIRIS,Headache
10003399,LETAIRIS,Dizziness exertional
10003399,LETAIRIS,Haemoglobin decreased
10003399,LETAIRIS,Dyspnoea
10003400,LETAIRIS,Hot flush
10003400,LETAIRIS,Rosacea
10003401,LETAIRIS,Sinusitis
10003402,LETAIRIS,Middle insomnia
10003402,LETAIRIS,Chemotherapy
10003402,LETAIRIS,Dyspnoea
10003405,LETAIRIS,Asthenia
10003405,LETAIRIS,Anaemia
10003405,LETAIRIS,Tooth disorder
10003406,MICROPAKINE,Cognitive disorder
10003406,MICROPAKINE,Alopecia
10003408,LETAIRIS,Insomnia
10003409,LETAIRIS,Dyspnoea
10003409,LETAIRIS,Abdominal distension
10003409,LETAIRIS,Swelling
10003411,LETAIRIS,Laboratory test abnormal
10003412,LETAIRIS,Visual impairment
10003412,LETAIRIS,Adverse reaction
10003413,LETAIRIS,Infusion site infection
10003414,LETAIRIS,Diarrhoea
10003414,LETAIRIS,Vomiting
10003414,LETAIRIS,Abdominal discomfort
10003414,LETAIRIS,Malaise
10003414,LETAIRIS,Dyspepsia
10003415,LETAIRIS,Dizziness
10003415,LETAIRIS,Loss of consciousness
10003415,LETAIRIS,Fall
10003416,LETAIRIS,Drug ineffective
10003418,LETAIRIS,Oxygen consumption increased
10003418,LETAIRIS,Unevaluable event
10003419,LETAIRIS,Anaemia
10003419,LETAIRIS,Fatigue
10003419,LETAIRIS,Fibrosis
10003419,LETAIRIS,Dyspnoea
10003419,LETAIRIS,Weight decreased
10003420,LETAIRIS,Headache
10003420,LETAIRIS,Vomiting
10003420,LETAIRIS,Blood pressure decreased
10003420,LETAIRIS,Nausea
10003421,LETAIRIS,Insomnia
10003422,LETAIRIS,Rash
10003423,LETAIRIS,Influenza
10003425,MIRENA,Breast cancer
10003425,MIRENA,Device misuse
10003433,LETAIRIS,Pain
10003433,LETAIRIS,Weight increased
10003433,LETAIRIS,Peripheral swelling
10003433,LETAIRIS,Liver function test abnormal
10003433,LETAIRIS,Dyspnoea
10003435,LETAIRIS,Tooth extraction
10003436,LETAIRIS,Syncope
10003436,LETAIRIS,Dizziness
10003437,LETAIRIS,Fatigue
10003437,LETAIRIS,Oedema peripheral
10003437,LETAIRIS,Drug ineffective
10003437,LETAIRIS,Flushing
10003439,LETAIRIS,Unevaluable event
10003439,LETAIRIS,Swelling
10003439,LETAIRIS,Hot flush
10003439,LETAIRIS,Pruritus
10003440,LETAIRIS,Insomnia
10003442,LETAIRIS,Cough
10003442,LETAIRIS,Chest discomfort
10003444,LETAIRIS,Cardiac failure congestive
10003444,LETAIRIS,Fluid retention
10003444,LETAIRIS,Swelling
10003447,LETAIRIS,Unevaluable event
10003447,LETAIRIS,Nasopharyngitis
10003447,LETAIRIS,Malaise
10003447,LETAIRIS,Cough
10003448,LETAIRIS,Unevaluable event
10003448,LETAIRIS,Malaise
10003450,CAPTOPRIL SANDOZ,Blood pressure fluctuation
10003450,CAPTOPRIL SANDOZ,Dyspepsia
10003450,CAPTOPRIL SANDOZ,Allergic cough
10003450,CAPTOPRIL SANDOZ,Headache
10003450,CAPTOPRIL SANDOZ,Malaise
10003451,LETAIRIS,Fluid retention
10003452,LETAIRIS,Fatigue
10003452,LETAIRIS,Dyspnoea exertional
10003455,LETAIRIS,Dental pulp disorder
10003456,LETAIRIS,Therapeutic response decreased
10003457,LETAIRIS,Cough
10003459,LETAIRIS,Trigeminal neuralgia
10003459,LETAIRIS,Pain in jaw
10003459,LETAIRIS,Facial pain
10003461,LETAIRIS,Peripheral swelling
10003461,LETAIRIS,Oedema peripheral
10003466,LETAIRIS,Dyspnoea
10003466,LETAIRIS,Feeling abnormal
10003466,LETAIRIS,Fatigue
10003466,LETAIRIS,Asthenia
10003471,LETAIRIS,Dyspnoea exertional
10003472,LETAIRIS,Sinus disorder
10003472,LETAIRIS,Cough
10003472,LETAIRIS,Dyspnoea
10003472,LETAIRIS,Oedema
10003474,LETAIRIS,Dyspnoea
10003477,LETAIRIS,Polyuria
10003477,LETAIRIS,Fatigue
10003477,LETAIRIS,Weight increased
10003478,LETAIRIS,Pain
10003478,LETAIRIS,Depression
10003478,LETAIRIS,Asthenia
10003479,LETAIRIS,Vein disorder
10003479,LETAIRIS,Peripheral vascular disorder
10003480,LETAIRIS,Arthralgia
10003481,LETAIRIS,Hypotension
10003481,LETAIRIS,Fluid retention
10003482,LETAIRIS,Dyspnoea
10003484,LETAIRIS,Blood glucose increased
10003485,LETAIRIS,Fatigue
10003486,LETAIRIS,Fatigue
10003486,LETAIRIS,Headache
10003486,LETAIRIS,Nasal congestion
10003486,LETAIRIS,Dyspnoea
10003486,LETAIRIS,Peripheral swelling
10003487,ZOLPIDEM SANDOZ,Disorientation
10003487,ZOLPIDEM SANDOZ,Drug prescribing error
10003487,ZOLPIDEM SANDOZ,Incorrect dose administered
10003487,ZOLPIDEM SANDOZ,Medication error
10003488,LETAIRIS,Nasopharyngitis
10003488,LETAIRIS,Sinus congestion
10003488,LETAIRIS,Cough
10003489,LETAIRIS,Dyspepsia
10003491,METRONIDAZOLE (UNKNOWN),Pharyngeal oedema
10003492,ZETIA,Hypersensitivity
10003492,ZETIA,Rash
10003492,ZETIA,Pain
10003492,ZETIA,Pruritus
10003493,LYRICA,Drug ineffective for unapproved indication
10003493,LYRICA,Pain in extremity
10003495,LYRICA,Drug ineffective
10003495,LYRICA,Swelling
10003495,LYRICA,Joint swelling
10003496,NORVASC,Sleep disorder
10003496,NORVASC,Somnolence
10003497,VIAGRA,Headache
10003497,VIAGRA,Drug ineffective
10003498,VIAGRA,Erection increased
10003498,VIAGRA,Painful erection
10003499,CHANTIX,Insomnia
10003500,PROCARDIA,Drug hypersensitivity
10003502,ESTRING,Weight increased
10003503,PREMARIN,Reaction to drug excipients
10003504,LETAIRIS,Decreased appetite
10003504,LETAIRIS,Fatigue
10003504,LETAIRIS,Abdominal pain
10003505,DIOVAN,Spinal column stenosis
10003505,DIOVAN,Diabetes mellitus
10003507,"HUMULIN 30% REGULAR, 70% NPH",Blindness
10003508,JAKAFI,Abdominal pain
10003508,JAKAFI,Headache
10003510,LETAIRIS,Infection
10003510,LETAIRIS,Central venous catheterisation
10003512,FORTEO,Femur fracture
10003512,FORTEO,Fall
10003515,MIRENA,Vaginal haemorrhage
10003515,MIRENA,Amenorrhoea
10003515,MIRENA,Abdominal pain lower
10003516,LETAIRIS,Cardiac failure congestive
10003518,JAKAFI,Haemoglobin decreased
10003519,SODIUM VALPROATE (UNKNOWN),Hepatocellular injury
10003520,MIRENA,Adnexa uteri pain
10003520,MIRENA,Drug ineffective
10003520,MIRENA,Pregnancy with contraceptive device
10003520,MIRENA,Embedded device
10003520,MIRENA,Ovarian cyst
10003520,MIRENA,Injury
10003520,MIRENA,Dyspareunia
10003520,MIRENA,Pain
10003521,JAKAFI,Skin lesion
10003521,JAKAFI,Migraine
10003522,JAKAFI,Endodontic procedure
10003523,LETAIRIS,Asthenia
10003525,MIRENA,Uterine perforation
10003525,MIRENA,Post procedural discomfort
10003525,MIRENA,Pain
10003525,MIRENA,Device dislocation
10003525,MIRENA,Pregnancy with contraceptive device
10003525,MIRENA,Drug ineffective
10003525,MIRENA,Device difficult to use
10003525,MIRENA,Uterine haemorrhage
10003525,MIRENA,Injury
10003525,MIRENA,Depression
10003525,MIRENA,Anxiety
10003525,MIRENA,Stress
10003525,MIRENA,Device issue
10003527,JAKAFI,Hepatic enzyme increased
10003529,LETAIRIS,Oedema peripheral
10003530,FANAPT,Oedema peripheral
10003530,FANAPT,Gait disturbance
10003532,HUMIRA,Chest pain
10003532,HUMIRA,Oedema peripheral
10003532,HUMIRA,Gastrooesophageal reflux disease
10003534,LETAIRIS,Throat irritation
10003534,LETAIRIS,Dysphonia
10003535,JAKAFI,Gout
10003537,JAKAFI,Pollakiuria
10003539,JAKAFI,Pulmonary embolism
10003539,JAKAFI,Anaemia
10003539,JAKAFI,Haemoglobin decreased
10003540,HUMIRA,Oesophageal perforation
10003540,HUMIRA,Gastric haemorrhage
10003540,HUMIRA,Hepatic failure
10003541,JAKAFI,Generalised oedema
10003541,JAKAFI,Diarrhoea
10003542,ACLASTA,Nerve compression
10003542,ACLASTA,Mobility decreased
10003542,ACLASTA,Abasia
10003543,LETAIRIS,Somnolence
10003545,LUPRON DEPOT,Death
10003548,DEPAKOTE,Urticaria
10003548,DEPAKOTE,Somnolence
10003550,JAKAFI,Fatigue
10003550,JAKAFI,Dyspnoea
10003550,JAKAFI,White blood cell count abnormal
10003550,JAKAFI,Drug ineffective
10003551,HUMIRA,Breast cancer
10003551,HUMIRA,Erythema
10003554,GILENYA,Monocyte count decreased
10003554,GILENYA,Gamma-glutamyltransferase increased
10003554,GILENYA,B-lymphocyte count decreased
10003554,GILENYA,Skin lesion
10003554,GILENYA,Mean platelet volume decreased
10003554,GILENYA,Kaposi^s sarcoma
10003554,GILENYA,White blood cell count decreased
10003554,GILENYA,Lymphocyte count decreased
10003554,GILENYA,Neutrophil count decreased
10003554,GILENYA,T-lymphocyte count decreased
10003556,GILENYA,Rheumatoid arthritis
10003556,GILENYA,Arthralgia
10003556,GILENYA,Rheumatoid factor increased
10003556,GILENYA,Neck pain
10003556,GILENYA,Back pain
10003556,GILENYA,Musculoskeletal pain
10003557,JAKAFI,Oedema peripheral
10003557,JAKAFI,Weight increased
10003558,DEPAKOTE,Foetal exposure during pregnancy
10003558,DEPAKOTE,Cardiac murmur
10003558,DEPAKOTE,Postmature baby
10003559,LETAIRIS,Pain in extremity
10003559,LETAIRIS,Diarrhoea
10003560,JAKAFI,Staphylococcal infection
10003561,CLARITIN CHEWABLE TABLETS,Overdose
10003565,JAKAFI,Fatigue
10003565,JAKAFI,Insomnia
10003568,CLARITIN CHEWABLE TABLETS,Overdose
10003569,DEPAKOTE,Dysgeusia
10003569,DEPAKOTE,Dry mouth
10003569,DEPAKOTE,Lip dry
10003570,SANDOSTATIN LAR,Death
10003572,LETAIRIS,Oedema peripheral
10003574,ABATACEPT SUBQ INJECTION 125MG/ML,Sepsis
10003575,OXYTROL FOR WOMEN,Drug ineffective
10003576,DEPAKOTE,Tremor
10003576,DEPAKOTE,Tremor
10003576,DEPAKOTE,Atrial fibrillation
10003576,DEPAKOTE,Tremor
10003576,DEPAKOTE,Tremor
10003577,SABRIL (FOR ORAL SOLUTION),Tonsillectomy
10003578,GILENYA,Completed suicide
10003578,GILENYA,Suicidal behaviour
10003579,LETAIRIS,Loss of consciousness
10003580,JAKAFI,Sneezing
10003580,JAKAFI,Nasal congestion
10003584,ACLASTA/ZOLEDRONATE,Bone density decreased
10003585,CLARITIN CHEWABLE TABLETS,Overdose
10003586,NEULASTA,Surgery
10003587,DEPAKOTE,Platelet count decreased
10003588,JAKAFI,Deep vein thrombosis
10003588,JAKAFI,Splenomegaly
10003589,REBIF,Loss of consciousness
10003589,REBIF,Fall
10003589,REBIF,Gait disturbance
10003589,REBIF,Convulsion
10003589,REBIF,Influenza
10003589,REBIF,Speech disorder
10003589,REBIF,Malaise
10003590,CLARITIN CHEWABLE TABLETS,Overdose
10003591,GILENYA,Atrioventricular block first degree
10003591,GILENYA,Angina pectoris
10003592,ONFI,Adverse event
10003593,DEPAKOTE,Drug ineffective
10003594,AUBAGIO,Muscle spasms
10003594,AUBAGIO,Condition aggravated
10003594,AUBAGIO,Pain
10003594,AUBAGIO,Hypoaesthesia
10003594,AUBAGIO,Abdominal distension
10003594,AUBAGIO,Insomnia
10003594,AUBAGIO,Fatigue
10003594,AUBAGIO,Nausea
10003594,AUBAGIO,Alopecia
10003595,JAKAFI,Transfusion
10003596,SPIRIVA,Musculoskeletal chest pain
10003596,SPIRIVA,Cough
10003596,SPIRIVA,Fall
10003596,SPIRIVA,Drug administration error
10003597,LETAIRIS,Heart rate increased
10003597,LETAIRIS,Ocular hyperaemia
10003597,LETAIRIS,Flushing
10003599,GLIVEC,Death
