safety_report_id,drug_name,reaction,serious,patient_age,country,event_date
5801206-7,DURAGESIC-100,DRUG ADMINISTRATION ERROR,1,26,,20080707
10003300,BONIVA,Vomiting,1,77,,20140306
10003301,IBUPROFEN,Dyspepsia,1,,,20140228
10003302,LYRICA,Drug ineffective,2,,US,20140312
10003314,LETAIRIS,Back pain,2,82,US,20140312
10003315,RANOLAZINE,Death,1,,US,20140312
10003316,LETAIRIS,Oedema,2,73,US,20140312
10003317,BENLYSTA,Angioedema,1,46,US,20140312
10003319,BENLYSTA,Cholecystectomy,1,46,US,20140312
10003322,LETAIRIS,Tremor,2,61,US,20140312
10003323,PRADAXA,Fall,2,73,US,20140312
10003325,LETAIRIS,Swelling,1,68,US,20140312
10003331,MIRENA,Chemical poisoning,1,38,GB,20140312
10003332,PRADAXA,Proctalgia,2,80,US,20140312
10003333,LETAIRIS,Swelling,2,79,US,20140312
10003334,SPIRIVA,Dry mouth,2,,US,20140312
10003337,LETAIRIS,Dysphonia,2,59,US,20140312
10003339,LETAIRIS,Anaemia,2,69,US,20140312
10003341,LETAIRIS,Dizziness,2,54,US,20140312
10003342,TASIGNA,Overdose,1,,US,20140312
10003346,LETAIRIS,Dyspnoea,2,73,US,20140312
10003350,LETAIRIS,Malaise,2,71,US,20140312
10003351,MIRTAZAPINE (UNKNOWN),Aggression,1,46,GB,20140312
10003354,LETAIRIS,Haemoglobin decreased,1,52,US,20140312
10003355,CASODEX,Heart rate decreased,2,,US,20140312
10003356,LETAIRIS,Oedema peripheral,2,60,US,20140312
10003357,TACROLIMUS (WATSON LABORATORIES),Posterior reversible encephalopathy syndrome,1,10,US,20140312
10003358,LETAIRIS,Dyspnoea,2,82,US,20140312
10003359,DOXAZOSIN (UNKNOWN),Erection increased,1,41,GB,20140312
10003360,LETAIRIS,Hypertension,2,29,US,20140312
10003361,CITALOPRAM (UNKNOWN),Hyponatraemia,1,65,GB,20140312
10003362,LETAIRIS,Gastric disorder,2,71,US,20140312
10003363,LETAIRIS,Unevaluable event,2,50,US,20140312
10003365,LETAIRIS,Oedema,2,71,US,20140312
10003366,LETAIRIS,Oedema,2,32,US,20140312
10003367,LETAIRIS,Unevaluable event,2,70,US,20140312
10003368,LETAIRIS,Pollakiuria,2,78,US,20140312
10003369,LETAIRIS,Feeling abnormal,2,73,US,20140312
10003370,LETAIRIS,Swelling,2,64,US,20140312
10003371,LETAIRIS,Nasal congestion,2,51,US,20140312
10003372,LETAIRIS,Nausea,2,49,US,20140312
10003373,LETAIRIS,Nasal congestion,2,65,US,20140312
10003376,CASODEX,Diarrhoea,2,62,US,20140312
10003377,LETAIRIS,Malaise,2,59,US,20140312
10003378,LETAIRIS,Dyspnoea,2,53,US,20140312
10003379,LETAIRIS,Nasopharyngitis,2,55,US,20140312
10003380,LETAIRIS,Respiratory tract infection,2,67,US,20140312
10003381,LETAIRIS,No therapeutic response,2,76,US,20140312
10003382,LETAIRIS,Blood count abnormal,2,57,US,20140312
10003383,LETAIRIS,Unevaluable event,2,63,US,20140312
10003384,LETAIRIS,Unevaluable event,2,75,US,20140312
10003387,LETAIRIS,Cellulitis,2,67,US,20140312
10003388,LETAIRIS,Dyspnoea,2,19,US,20140312
10003390,LETAIRIS,Headache,2,44,US,20140312
10003391,LETAIRIS,Dyspnoea,2,75,US,20140312
10003392,VISMODEGIB,Subdural haematoma,1,77,CA,20140312
10003393,LETAIRIS,Peripheral swelling,2,53,US,20140312
10003394,LETAIRIS,Dyspnoea exertional,2,88,US,20140312
10003395,DEPAKOTE,Tremor,2,,US,20140312
10003396,LETAIRIS,Unevaluable event,2,62,US,20140312
10003399,LETAIRIS,Headache,2,56,US,20140312
10003400,LETAIRIS,Hot flush,2,65,US,20140312
10003401,LETAIRIS,Sinusitis,2,18,US,20140312
10003402,LETAIRIS,Middle insomnia,2,78,US,20140312
10003405,LETAIRIS,Asthenia,2,67,US,20140312
10003406,MICROPAKINE,Cognitive disorder,1,,FR,20140312
10003408,LETAIRIS,Insomnia,2,78,US,20140312
10003409,LETAIRIS,Dyspnoea,2,63,US,20140312
10003411,LETAIRIS,Laboratory test abnormal,2,30,US,20140312
10003412,LETAIRIS,Visual impairment,2,54,US,20140312
10003413,LETAIRIS,Infusion site infection,2,62,US,20140312
10003414,LETAIRIS,Diarrhoea,2,73,US,20140312
10003415,LETAIRIS,Dizziness,2,52,US,20140312
10003416,LETAIRIS,Drug ineffective,2,77,US,20140312
10003418,LETAIRIS,Oxygen consumption increased,2,68,US,20140312
10003419,LETAIRIS,Anaemia,2,75,US,20140312
10003420,LETAIRIS,Headache,2,75,US,20140312
10003421,LETAIRIS,Insomnia,2,74,US,20140312
10003422,LETAIRIS,Rash,2,82,US,20140312
10003423,LETAIRIS,Influenza,2,43,US,20140312
10003425,MIRENA,Breast cancer,1,,AU,20140312
10003433,LETAIRIS,Pain,2,60,US,20140312
10003435,LETAIRIS,Tooth extraction,2,67,US,20140312
10003436,LETAIRIS,Syncope,2,35,US,20140312
10003437,LETAIRIS,Fatigue,1,50,US,20140312
10003439,LETAIRIS,Unevaluable event,2,76,US,20140312
10003440,LETAIRIS,Insomnia,2,81,US,20140312
10003442,LETAIRIS,Cough,2,45,US,20140312
10003444,LETAIRIS,Cardiac failure congestive,1,84,US,20140312
10003447,LETAIRIS,Unevaluable event,2,62,US,20140312
10003448,LETAIRIS,Unevaluable event,2,46,US,20140312
10003450,CAPTOPRIL SANDOZ,Blood pressure fluctuation,1,68,BR,20140312
10003451,LETAIRIS,Fluid retention,1,54,US,20140312
10003452,LETAIRIS,Fatigue,2,69,US,20140312
10003455,LETAIRIS,Dental pulp disorder,2,51,US,20140312
10003456,LETAIRIS,Therapeutic response decreased,2,57,US,20140312
10003457,LETAIRIS,Cough,2,82,US,20140312
10003459,LETAIRIS,Trigeminal neuralgia,2,74,US,20140312
10003461,LETAIRIS,Peripheral swelling,2,75,US,20140312
10003466,LETAIRIS,Dyspnoea,2,72,US,20140312
10003471,LETAIRIS,Dyspnoea exertional,2,75,US,20140312
10003472,LETAIRIS,Sinus disorder,2,66,US,20140312
10003474,LETAIRIS,Dyspnoea,2,55,US,20140312
10003477,LETAIRIS,Polyuria,2,39,US,20140312
10003478,LETAIRIS,Pain,2,67,US,20140312
10003479,LETAIRIS,Vein disorder,2,78,US,20140312
10003480,LETAIRIS,Arthralgia,2,43,US,20140312
10003481,LETAIRIS,Hypotension,2,72,US,20140312
10003482,LETAIRIS,Dyspnoea,2,41,US,20140312
10003484,LETAIRIS,Blood glucose increased,2,39,US,20140312
10003485,LETAIRIS,Fatigue,2,78,US,20140312
10003486,LETAIRIS,Fatigue,2,70,US,20140312
10003487,ZOLPIDEM SANDOZ,Disorientation,1,80,FR,20140312
10003488,LETAIRIS,Nasopharyngitis,2,64,US,20140312
10003489,LETAIRIS,Dyspepsia,2,58,US,20140312
10003491,METRONIDAZOLE (UNKNOWN),Pharyngeal oedema,1,55,GB,20140312
10003492,ZETIA,Hypersensitivity,2,,US,20140312
10003493,LYRICA,Drug ineffective for unapproved indication,2,,US,20140312
10003495,LYRICA,Drug ineffective,2,61,US,20140312
10003496,NORVASC,Sleep disorder,2,80,US,20140312
10003497,VIAGRA,Headache,2,56,US,20140312
10003498,VIAGRA,Erection increased,2,,US,20140312
10003499,CHANTIX,Insomnia,2,,US,20140312
10003500,PROCARDIA,Drug hypersensitivity,2,,US,20140312
10003502,ESTRING,Weight increased,2,,US,20140312
10003503,PREMARIN,Reaction to drug excipients,2,,US,20140312
10003504,LETAIRIS,Decreased appetite,2,74,US,20140312
10003505,DIOVAN,Spinal column stenosis,1,,US,20140312
10003507,"HUMULIN 30% REGULAR, 70% NPH",Blindness,1,,US,20140312
10003508,JAKAFI,Abdominal pain,2,68,US,20140312
10003510,LETAIRIS,Infection,1,,US,20140312
10003512,FORTEO,Femur fracture,1,75,JP,20140312
10003515,MIRENA,Vaginal haemorrhage,2,40,US,20140312
10003516,LETAIRIS,Cardiac failure congestive,1,,US,20140312
10003518,JAKAFI,Haemoglobin decreased,1,,US,20140312
10003519,SODIUM VALPROATE (UNKNOWN),Hepatocellular injury,1,83,IR,20140312
10003520,MIRENA,Adnexa uteri pain,1,25,US,20140312
10003521,JAKAFI,Skin lesion,2,,US,20140312
10003522,JAKAFI,Endodontic procedure,2,,US,20140312
10003523,LETAIRIS,Asthenia,2,57,US,20140312
10003525,MIRENA,Uterine perforation,1,29,US,20140312
10003527,JAKAFI,Hepatic enzyme increased,2,45,US,20140312
10003529,LETAIRIS,Oedema peripheral,2,,US,20140312
10003530,FANAPT,Oedema peripheral,1,24,US,20140312
10003532,HUMIRA,Chest pain,1,59,GB,20140312
10003534,LETAIRIS,Throat irritation,2,45,US,20140312
10003535,JAKAFI,Gout,2,,US,20140312
10003537,JAKAFI,Pollakiuria,2,49,US,20140312
10003539,JAKAFI,Pulmonary embolism,1,71,US,20140312
10003540,HUMIRA,Oesophageal perforation,1,,US,20140312
10003541,JAKAFI,Generalised oedema,2,,US,20140312
10003542,ACLASTA,Nerve compression,1,73,TH,20140312
10003543,LETAIRIS,Somnolence,2,82,US,20140312
10003545,LUPRON DEPOT,Death,1,84,CA,20140312
10003548,DEPAKOTE,Urticaria,2,,US,20140312
10003550,JAKAFI,Fatigue,2,73,US,20140312
10003551,HUMIRA,Breast cancer,1,,CA,20140312
10003554,GILENYA,Monocyte count decreased,1,38,GB,20140312
10003556,GILENYA,Rheumatoid arthritis,1,60,US,20140312
10003557,JAKAFI,Oedema peripheral,2,,US,20140312
10003558,DEPAKOTE,Foetal exposure during pregnancy,2,,US,20140312
10003559,LETAIRIS,Pain in extremity,2,57,US,20140312
10003560,JAKAFI,Staphylococcal infection,2,54,US,20140312
10003561,CLARITIN CHEWABLE TABLETS,Overdose,2,,US,20140312
10003565,JAKAFI,Fatigue,2,,US,20140312
10003568,CLARITIN CHEWABLE TABLETS,Overdose,2,4,US,20140312
10003569,DEPAKOTE,Dysgeusia,2,63,US,20140312
10003570,SANDOSTATIN LAR,Death,1,48,CA,20140312
10003572,LETAIRIS,Oedema peripheral,2,61,US,20140312
10003574,ABATACEPT SUBQ INJECTION 125MG/ML,Sepsis,1,62,DE,20140312
10003575,OXYTROL FOR WOMEN,Drug ineffective,2,,US,20140312
10003576,DEPAKOTE,Tremor,2,,US,20140312
10003577,SABRIL (FOR ORAL SOLUTION),Tonsillectomy,1,3,US,20140312
10003578,GILENYA,Completed suicide,1,38,IE,20140312
10003579,LETAIRIS,Loss of consciousness,2,66,US,20140312
10003580,JAKAFI,Sneezing,2,62,US,20140312
10003584,ACLASTA/ZOLEDRONATE,Bone density decreased,2,,CA,20140312
10003585,CLARITIN CHEWABLE TABLETS,Overdose,2,9,US,20140312
10003586,NEULASTA,Surgery,1,58,NL,20140312
10003587,DEPAKOTE,Platelet count decreased,2,,US,20140312
10003588,JAKAFI,Deep vein thrombosis,2,,US,20140312
10003589,REBIF,Loss of consciousness,1,63,US,20140312
10003590,CLARITIN CHEWABLE TABLETS,Overdose,2,2,US,20140312
10003591,GILENYA,Atrioventricular block first degree,1,47,GB,20140312
10003592,ONFI,Adverse event,2,,US,20140312
10003593,DEPAKOTE,Drug ineffective,2,,US,20140312
10003594,AUBAGIO,Muscle spasms,1,48,US,20140312
10003595,JAKAFI,Transfusion,1,,US,20140312
10003596,SPIRIVA,Musculoskeletal chest pain,2,92,US,20140312
10003597,LETAIRIS,Heart rate increased,2,71,US,20140312
10003599,GLIVEC,Death,1,,MY,20140312
